date,cpi,fedfunds,gs10,houst,unrate,m2,gdp,sp500
1947-01-01,21.48,,,,,,2182.681,
1947-02-01,21.62,,,,,,2182.681,
1947-03-01,22.0,,,,,,2182.681,
1947-04-01,22.0,,,,,,2176.892,
1947-05-01,21.95,,,,,,2176.892,
1947-06-01,22.08,,,,,,2176.892,
1947-07-01,22.23,,,,,,2172.432,
1947-08-01,22.4,,,,,,2172.432,
1947-09-01,22.84,,,,,,2172.432,
1947-10-01,22.91,,,,,,2206.452,
1947-11-01,23.06,,,,,,2206.452,
1947-12-01,23.41,,,,,,2206.452,
1948-01-01,23.68,,,,3.4,,2239.682,
1948-02-01,23.67,,,,3.8,,2239.682,
1948-03-01,23.5,,,,4.0,,2239.682,
1948-04-01,23.82,,,,3.9,,2276.69,
1948-05-01,24.01,,,,3.5,,2276.69,
1948-06-01,24.15,,,,3.6,,2276.69,
1948-07-01,24.4,,,,3.6,,2289.77,
1948-08-01,24.43,,,,3.9,,2289.77,
1948-09-01,24.36,,,,3.8,,2289.77,
1948-10-01,24.31,,,,3.7,,2292.364,
1948-11-01,24.16,,,,3.8,,2292.364,
1948-12-01,24.05,,,,4.0,,2292.364,
1949-01-01,24.01,,,,4.3,,2260.807,
1949-02-01,23.91,,,,4.7,,2260.807,
1949-03-01,23.91,,,,5.0,,2260.807,
1949-04-01,23.92,,,,5.3,,2253.128,
1949-05-01,23.91,,,,6.1,,2253.128,
1949-06-01,23.92,,,,6.2,,2253.128,
1949-07-01,23.7,,,,6.7,,2276.424,
1949-08-01,23.7,,,,6.8,,2276.424,
1949-09-01,23.75,,,,6.6,,2276.424,
1949-10-01,23.67,,,,7.9,,2257.352,
1949-11-01,23.7,,,,6.4,,2257.352,
1949-12-01,23.61,,,,6.6,,2257.352,
1950-01-01,23.51,,,,6.5,,2346.104,
1950-02-01,23.61,,,,6.4,,2346.104,
1950-03-01,23.64,,,,6.3,,2346.104,
1950-04-01,23.65,,,,5.8,,2417.682,
1950-05-01,23.77,,,,5.5,,2417.682,
1950-06-01,23.88,,,,5.4,,2417.682,
1950-07-01,24.07,,,,5.0,,2511.127,
1950-08-01,24.2,,,,4.5,,2511.127,
1950-09-01,24.34,,,,4.4,,2511.127,
1950-10-01,24.5,,,,4.2,,2559.214,
1950-11-01,24.6,,,,4.2,,2559.214,
1950-12-01,24.98,,,,4.3,,2559.214,
1951-01-01,25.38,,,,3.7,,2593.967,
1951-02-01,25.83,,,,3.4,,2593.967,
1951-03-01,25.88,,,,3.4,,2593.967,
1951-04-01,25.92,,,,3.1,,2638.898,
1951-05-01,25.99,,,,3.0,,2638.898,
1951-06-01,25.93,,,,3.2,,2638.898,
1951-07-01,25.91,,,,3.1,,2693.259,
1951-08-01,25.86,,,,3.1,,2693.259,
1951-09-01,26.03,,,,3.3,,2693.259,
1951-10-01,26.16,,,,3.5,,2699.156,
1951-11-01,26.32,,,,3.5,,2699.156,
1951-12-01,26.47,,,,3.1,,2699.156,
1952-01-01,26.45,,,,3.2,,2727.954,
1952-02-01,26.41,,,,3.1,,2727.954,
1952-03-01,26.39,,,,2.9,,2727.954,
1952-04-01,26.46,,,,2.9,,2733.8,
1952-05-01,26.47,,,,3.0,,2733.8,
1952-06-01,26.53,,,,3.0,,2733.8,
1952-07-01,26.68,,,,3.2,,2753.517,
1952-08-01,26.69,,,,3.4,,2753.517,
1952-09-01,26.63,,,,3.1,,2753.517,
1952-10-01,26.69,,,,3.0,,2843.941,
1952-11-01,26.69,,,,2.8,,2843.941,
1952-12-01,26.71,,,,2.7,,2843.941,
1953-01-01,26.64,,,,2.9,,2896.811,
1953-02-01,26.59,,,,2.6,,2896.811,
1953-03-01,26.63,,,,2.6,,2896.811,
1953-04-01,26.69,,2.83,,2.7,,2919.206,
1953-05-01,26.7,,3.05,,2.5,,2919.206,
1953-06-01,26.77,,3.11,,2.5,,2919.206,
1953-07-01,26.79,,2.93,,2.6,,2902.785,
1953-08-01,26.85,,2.95,,2.7,,2902.785,
1953-09-01,26.89,,2.87,,2.9,,2902.785,
1953-10-01,26.95,,2.66,,3.1,,2858.845,
1953-11-01,26.85,,2.68,,3.5,,2858.845,
1953-12-01,26.87,,2.59,,4.5,,2858.845,
1954-01-01,26.94,,2.48,,4.9,,2845.192,
1954-02-01,26.99,,2.47,,5.2,,2845.192,
1954-03-01,26.93,,2.37,,5.7,,2845.192,
1954-04-01,26.86,,2.29,,5.9,,2848.305,
1954-05-01,26.93,,2.37,,5.9,,2848.305,
1954-06-01,26.94,,2.38,,5.6,,2848.305,
1954-07-01,26.86,0.8,2.3,,5.8,,2880.482,
1954-08-01,26.85,1.22,2.36,,6.0,,2880.482,
1954-09-01,26.81,1.07,2.38,,6.1,,2880.482,
1954-10-01,26.72,0.85,2.43,,5.7,,2936.852,
1954-11-01,26.78,0.83,2.48,,5.3,,2936.852,
1954-12-01,26.77,1.28,2.51,,5.0,,2936.852,
1955-01-01,26.77,1.39,2.61,,4.9,,3020.746,
1955-02-01,26.82,1.29,2.65,,4.7,,3020.746,
1955-03-01,26.79,1.35,2.68,,4.6,,3020.746,
1955-04-01,26.79,1.43,2.75,,4.7,,3069.91,
1955-05-01,26.77,1.43,2.76,,4.3,,3069.91,
1955-06-01,26.71,1.64,2.78,,4.2,,3069.91,
1955-07-01,26.76,1.68,2.9,,4.0,,3111.379,
1955-08-01,26.72,1.96,2.97,,4.2,,3111.379,
1955-09-01,26.85,2.18,2.97,,4.1,,3111.379,
1955-10-01,26.82,2.24,2.88,,4.3,,3130.068,
1955-11-01,26.88,2.35,2.89,,4.2,,3130.068,
1955-12-01,26.87,2.48,2.96,,4.2,,3130.068,
1956-01-01,26.83,2.45,2.9,,4.0,,3117.922,
1956-02-01,26.86,2.5,2.84,,3.9,,3117.922,
1956-03-01,26.89,2.5,2.96,,4.2,,3117.922,
1956-04-01,26.93,2.62,3.18,,4.0,,3143.694,
1956-05-01,27.03,2.75,3.07,,4.3,,3143.694,
1956-06-01,27.15,2.71,3.0,,4.3,,3143.694,
1956-07-01,27.29,2.75,3.11,,4.4,,3140.874,
1956-08-01,27.31,2.73,3.33,,4.1,,3140.874,
1956-09-01,27.35,2.95,3.38,,3.9,,3140.874,
1956-10-01,27.51,2.96,3.34,,3.9,,3192.57,
1956-11-01,27.51,2.88,3.49,,4.3,,3192.57,
1956-12-01,27.63,2.94,3.59,,4.2,,3192.57,
1957-01-01,27.67,2.84,3.46,,4.2,,3213.011,
1957-02-01,27.8,3.0,3.34,,3.9,,3213.011,
1957-03-01,27.86,2.96,3.41,,3.7,,3213.011,
1957-04-01,27.93,3.0,3.48,,3.9,,3205.97,
1957-05-01,28.0,3.0,3.6,,4.1,,3205.97,
1957-06-01,28.11,3.0,3.8,,4.3,,3205.97,
1957-07-01,28.19,2.99,3.93,,4.2,,3237.386,
1957-08-01,28.28,3.24,3.93,,4.1,,3237.386,
1957-09-01,28.32,3.47,3.92,,4.4,,3237.386,
1957-10-01,28.32,3.5,3.97,,4.5,,3203.894,
1957-11-01,28.41,3.28,3.72,,5.1,,3203.894,
1957-12-01,28.47,2.98,3.21,,5.2,,3203.894,
1958-01-01,28.64,2.72,3.09,,5.8,,3120.724,
1958-02-01,28.7,1.67,3.05,,6.4,,3120.724,
1958-03-01,28.87,1.2,2.98,,6.7,,3120.724,
1958-04-01,28.94,1.26,2.88,,7.4,,3141.224,
1958-05-01,28.94,0.63,2.92,,7.4,,3141.224,
1958-06-01,28.91,0.93,2.97,,7.3,,3141.224,
1958-07-01,28.89,0.68,3.2,,7.5,,3213.884,
1958-08-01,28.94,1.53,3.54,,7.4,,3213.884,
1958-09-01,28.91,1.76,3.76,,7.1,,3213.884,
1958-10-01,28.91,1.8,3.8,,6.7,,3289.032,
1958-11-01,28.95,2.27,3.74,,6.2,,3289.032,
1958-12-01,28.97,2.42,3.86,,6.2,,3289.032,
1959-01-01,29.01,2.48,4.02,1657.0,6.0,286.6,3352.129,
1959-02-01,29.0,2.43,3.96,1667.0,5.9,287.7,3352.129,
1959-03-01,28.97,2.8,3.99,1620.0,5.6,289.2,3352.129,
1959-04-01,28.98,2.96,4.12,1590.0,5.2,290.1,3427.667,
1959-05-01,29.04,2.9,4.31,1498.0,5.1,292.2,3427.667,
1959-06-01,29.11,3.39,4.34,1503.0,5.0,294.1,3427.667,
1959-07-01,29.15,3.47,4.4,1547.0,5.1,295.2,3430.057,
1959-08-01,29.18,3.5,4.43,1430.0,5.2,296.4,3430.057,
1959-09-01,29.25,3.76,4.68,1540.0,5.5,296.7,3430.057,
1959-10-01,29.35,3.98,4.53,1355.0,5.7,296.5,3439.832,
1959-11-01,29.35,4.0,4.53,1416.0,5.8,297.1,3439.832,
1959-12-01,29.41,3.99,4.69,1601.0,5.3,297.8,3439.832,
1960-01-01,29.37,3.99,4.72,1460.0,5.2,298.2,3517.181,
1960-02-01,29.41,3.97,4.49,1503.0,4.8,298.4,3517.181,
1960-03-01,29.41,3.84,4.25,1109.0,5.4,299.3,3517.181,
1960-04-01,29.54,3.92,4.28,1289.0,5.2,300.1,3498.246,
1960-05-01,29.57,3.85,4.35,1271.0,5.1,300.9,3498.246,
1960-06-01,29.61,3.32,4.15,1247.0,5.4,302.3,3498.246,
1960-07-01,29.55,3.23,3.9,1197.0,5.5,304.1,3515.385,
1960-08-01,29.61,2.98,3.8,1344.0,5.6,306.9,3515.385,
1960-09-01,29.61,2.6,3.8,1097.0,5.5,308.4,3515.385,
1960-10-01,29.75,2.47,3.89,1246.0,6.1,309.5,3470.278,
1960-11-01,29.78,2.44,3.93,1246.0,6.1,310.9,3470.278,
1960-12-01,29.81,1.98,3.84,1063.0,6.6,312.4,3470.278,
1961-01-01,29.84,1.45,3.84,1183.0,6.6,314.1,3493.703,
1961-02-01,29.84,2.54,3.78,1226.0,6.9,316.5,3493.703,
1961-03-01,29.84,2.02,3.74,1312.0,6.9,318.3,3493.703,
1961-04-01,29.81,1.49,3.78,1166.0,7.0,319.9,3553.021,
1961-05-01,29.84,1.98,3.71,1228.0,7.1,322.2,3553.021,
1961-06-01,29.84,1.73,3.88,1382.0,6.9,324.3,3553.021,
1961-07-01,29.92,1.17,3.92,1335.0,7.0,325.6,3621.252,
1961-08-01,29.94,2.0,4.04,1312.0,6.6,327.6,3621.252,
1961-09-01,29.98,1.88,3.98,1429.0,6.7,329.5,3621.252,
1961-10-01,29.98,2.26,3.92,1415.0,6.5,331.1,3692.289,
1961-11-01,29.98,2.61,3.94,1385.0,6.1,333.4,3692.289,
1961-12-01,30.01,2.33,4.06,1365.0,6.0,335.5,3692.289,
1962-01-01,30.04,2.15,4.08,1361.0,5.8,337.5,3758.147,
1962-02-01,30.11,2.37,4.04,1278.0,5.5,340.1,3758.147,
1962-03-01,30.17,2.85,3.93,1443.0,5.6,343.1,3758.147,
1962-04-01,30.21,2.78,3.84,1524.0,5.6,345.5,3792.149,
1962-05-01,30.24,2.36,3.87,1483.0,5.5,347.5,3792.149,
1962-06-01,30.21,2.68,3.91,1404.0,5.5,349.3,3792.149,
1962-07-01,30.22,2.71,4.01,1450.0,5.4,350.8,3838.776,
1962-08-01,30.28,2.93,3.98,1517.0,5.7,352.8,3838.776,
1962-09-01,30.42,2.9,3.98,1324.0,5.6,354.9,3838.776,
1962-10-01,30.38,2.9,3.93,1533.0,5.4,357.2,3851.421,
1962-11-01,30.38,2.94,3.92,1622.0,5.7,359.8,3851.421,
1962-12-01,30.38,2.93,3.86,1564.0,5.5,362.7,3851.421,
1963-01-01,30.44,2.92,3.83,1244.0,5.7,365.2,3893.482,
1963-02-01,30.48,3.0,3.92,1456.0,5.9,367.9,3893.482,
1963-03-01,30.51,2.98,3.93,1534.0,5.7,370.7,3893.482,
1963-04-01,30.48,2.9,3.97,1689.0,5.7,373.3,3937.183,
1963-05-01,30.51,3.0,3.93,1641.0,5.9,376.1,3937.183,
1963-06-01,30.61,2.99,3.99,1588.0,5.6,378.4,3937.183,
1963-07-01,30.69,3.02,4.02,1614.0,5.6,381.1,4023.755,
1963-08-01,30.75,3.49,4.0,1639.0,5.4,383.6,4023.755,
1963-09-01,30.72,3.48,4.08,1763.0,5.5,386.0,4023.755,
1963-10-01,30.75,3.5,4.11,1779.0,5.5,388.3,4050.147,
1963-11-01,30.78,3.48,4.12,1622.0,5.7,391.5,4050.147,
1963-12-01,30.88,3.38,4.13,1491.0,5.5,393.2,4050.147,
1964-01-01,30.94,3.48,4.17,1603.0,5.6,395.2,4135.553,
1964-02-01,30.91,3.48,4.15,1820.0,5.4,397.6,4135.553,
1964-03-01,30.94,3.43,4.22,1517.0,5.4,399.8,4135.553,
1964-04-01,30.95,3.47,4.23,1448.0,5.3,401.7,4180.592,
1964-05-01,30.98,3.5,4.2,1467.0,5.1,404.2,4180.592,
1964-06-01,31.01,3.5,4.17,1550.0,5.2,407.1,4180.592,
1964-07-01,31.02,3.42,4.19,1562.0,4.9,410.1,4245.918,
1964-08-01,31.05,3.5,4.19,1569.0,5.0,413.4,4245.918,
1964-09-01,31.08,3.45,4.2,1455.0,5.1,416.9,4245.918,
1964-10-01,31.12,3.36,4.19,1524.0,5.1,419.1,4259.046,
1964-11-01,31.21,3.52,4.15,1486.0,4.8,422.0,4259.046,
1964-12-01,31.25,3.85,4.18,1484.0,5.0,424.7,4259.046,
1965-01-01,31.28,3.9,4.19,1361.0,4.9,427.5,4362.111,
1965-02-01,31.28,3.98,4.21,1433.0,5.1,430.4,4362.111,
1965-03-01,31.31,4.05,4.21,1423.0,4.7,433.2,4362.111,
1965-04-01,31.38,4.09,4.2,1438.0,4.8,435.4,4417.225,
1965-05-01,31.48,4.1,4.21,1478.0,4.6,437.1,4417.225,
1965-06-01,31.61,4.05,4.21,1488.0,4.6,440.1,4417.225,
1965-07-01,31.58,4.09,4.2,1529.0,4.4,442.9,4515.427,
1965-08-01,31.55,4.12,4.25,1432.0,4.4,445.8,4515.427,
1965-09-01,31.62,4.02,4.29,1482.0,4.3,449.5,4515.427,
1965-10-01,31.65,4.08,4.35,1452.0,4.2,452.6,4619.458,
1965-11-01,31.75,4.1,4.45,1460.0,4.1,455.7,4619.458,
1965-12-01,31.85,4.32,4.62,1656.0,4.0,459.2,4619.458,
1966-01-01,31.88,4.42,4.61,1370.0,4.0,462.0,4731.888,
1966-02-01,32.08,4.6,4.83,1378.0,3.8,464.6,4731.888,
1966-03-01,32.18,4.66,4.87,1394.0,3.8,467.2,4731.888,
1966-04-01,32.28,4.67,4.75,1352.0,3.8,469.3,4748.046,
1966-05-01,32.35,4.9,4.78,1265.0,3.9,470.1,4748.046,
1966-06-01,32.38,5.17,4.81,1194.0,3.8,471.2,4748.046,
1966-07-01,32.45,5.3,5.02,1086.0,3.8,470.9,4788.254,
1966-08-01,32.65,5.53,5.22,1119.0,3.8,472.6,4788.254,
1966-09-01,32.75,5.4,5.18,1046.0,3.7,475.4,4788.254,
1966-10-01,32.85,5.53,5.01,843.0,3.7,475.7,4827.537,
1966-11-01,32.88,5.76,5.16,961.0,3.6,477.3,4827.537,
1966-12-01,32.92,5.4,4.84,990.0,3.8,480.2,4827.537,
1967-01-01,32.9,4.94,4.58,1067.0,3.9,481.6,4870.299,
1967-02-01,33.0,5.0,4.63,1123.0,3.8,485.1,4870.299,
1967-03-01,33.0,4.53,4.54,1056.0,3.8,489.7,4870.299,
1967-04-01,33.1,4.05,4.59,1091.0,3.8,492.1,4873.287,
1967-05-01,33.1,3.94,4.85,1304.0,3.8,497.2,4873.287,
1967-06-01,33.3,3.98,5.02,1248.0,3.9,502.0,4873.287,
1967-07-01,33.4,3.79,5.16,1364.0,3.8,506.3,4919.392,
1967-08-01,33.5,3.9,5.28,1407.0,3.8,510.8,4919.392,
1967-09-01,33.6,3.99,5.3,1421.0,3.8,514.7,4919.392,
1967-10-01,33.7,3.88,5.48,1491.0,4.0,518.2,4956.477,
1967-11-01,33.9,4.13,5.75,1538.0,3.9,521.2,4956.477,
1967-12-01,34.0,4.51,5.7,1308.0,3.8,524.8,4956.477,
1968-01-01,34.1,4.61,5.53,1380.0,3.7,527.4,5057.553,
1968-02-01,34.2,4.71,5.56,1520.0,3.8,530.4,5057.553,
1968-03-01,34.3,5.05,5.74,1466.0,3.7,533.2,5057.553,
1968-04-01,34.4,5.76,5.64,1554.0,3.5,535.7,5142.033,
1968-05-01,34.5,6.12,5.87,1408.0,3.5,538.9,5142.033,
1968-06-01,34.7,6.07,5.72,1405.0,3.7,542.6,5142.033,
1968-07-01,34.9,6.03,5.5,1512.0,3.7,545.6,5181.859,
1968-08-01,35.0,6.03,5.42,1495.0,3.5,549.4,5181.859,
1968-09-01,35.1,5.78,5.46,1556.0,3.4,553.6,5181.859,
1968-10-01,35.3,5.91,5.58,1569.0,3.4,557.6,5202.212,
1968-11-01,35.4,5.82,5.7,1630.0,3.4,562.4,5202.212,
1968-12-01,35.6,6.02,6.03,1548.0,3.4,566.8,5202.212,
1969-01-01,35.7,6.3,6.04,1769.0,3.4,569.3,5283.597,
1969-02-01,35.8,6.61,6.19,1705.0,3.4,571.9,5283.597,
1969-03-01,36.1,6.79,6.3,1561.0,3.4,574.4,5283.597,
1969-04-01,36.3,7.41,6.17,1524.0,3.4,575.7,5299.625,
1969-05-01,36.4,8.67,6.32,1583.0,3.4,576.5,5299.625,
1969-06-01,36.6,8.9,6.57,1528.0,3.5,578.5,5299.625,
1969-07-01,36.8,8.61,6.72,1368.0,3.5,579.5,5334.6,
1969-08-01,36.9,9.19,6.69,1358.0,3.5,580.1,5334.6,
1969-09-01,37.1,9.15,7.16,1507.0,3.7,582.1,5334.6,
1969-10-01,37.3,9.0,7.1,1381.0,3.7,583.4,5308.556,
1969-11-01,37.5,8.85,7.14,1229.0,3.5,585.4,5308.556,
1969-12-01,37.7,8.97,7.65,1327.0,3.5,587.9,5308.556,
1970-01-01,37.9,8.98,7.79,1085.0,3.9,589.6,5300.652,
1970-02-01,38.1,8.98,7.24,1305.0,4.2,586.3,5300.652,
1970-03-01,38.3,7.76,7.07,1319.0,4.4,587.3,5300.652,
1970-04-01,38.5,8.1,7.39,1264.0,4.6,588.4,5308.164,
1970-05-01,38.6,7.95,7.91,1290.0,4.8,591.5,5308.164,
1970-06-01,38.8,7.61,7.84,1385.0,4.9,595.2,5308.164,
1970-07-01,38.9,7.21,7.46,1517.0,5.0,599.1,5357.077,
1970-08-01,39.0,6.62,7.53,1399.0,5.1,604.9,5357.077,
1970-09-01,39.2,6.29,7.39,1534.0,5.4,611.2,5357.077,
1970-10-01,39.4,6.2,7.33,1580.0,5.5,616.4,5299.672,
1970-11-01,39.6,5.6,6.84,1647.0,5.9,621.1,5299.672,
1970-12-01,39.8,4.9,6.39,1893.0,6.1,626.5,5299.672,
1971-01-01,39.9,4.14,6.24,1828.0,5.9,632.9,5443.619,
1971-02-01,39.9,3.72,6.11,1741.0,5.9,641.0,5443.619,
1971-03-01,40.0,3.71,5.7,1910.0,6.0,649.9,5443.619,
1971-04-01,40.1,4.16,5.83,1986.0,5.9,658.4,5473.059,
1971-05-01,40.3,4.63,6.39,2049.0,5.9,666.7,5473.059,
1971-06-01,40.5,4.91,6.52,2026.0,5.9,673.0,5473.059,
1971-07-01,40.6,5.31,6.73,2083.0,6.0,679.6,5518.072,
1971-08-01,40.7,5.57,6.58,2158.0,6.1,685.5,5518.072,
1971-09-01,40.8,5.55,6.14,2041.0,6.0,692.5,5518.072,
1971-10-01,40.9,5.2,5.93,2128.0,5.8,698.4,5531.032,
1971-11-01,41.0,4.91,5.81,2182.0,6.0,704.6,5531.032,
1971-12-01,41.1,4.14,5.93,2295.0,6.0,710.3,5531.032,
1972-01-01,41.2,3.51,5.95,2494.0,5.8,717.7,5632.649,
1972-02-01,41.4,3.3,6.08,2390.0,5.7,725.7,5632.649,
1972-03-01,41.4,3.83,6.07,2334.0,5.8,733.5,5632.649,
1972-04-01,41.5,4.17,6.19,2249.0,5.7,738.4,5760.47,
1972-05-01,41.6,4.27,6.13,2221.0,5.7,743.3,5760.47,
1972-06-01,41.7,4.46,6.11,2254.0,5.7,749.7,5760.47,
1972-07-01,41.8,4.55,6.11,2252.0,5.6,759.5,5814.854,
1972-08-01,41.9,4.81,6.21,2382.0,5.6,768.7,5814.854,
1972-09-01,42.1,4.87,6.55,2481.0,5.5,778.3,5814.854,
1972-10-01,42.2,5.05,6.48,2485.0,5.6,786.9,5912.22,
1972-11-01,42.4,5.06,6.28,2421.0,5.3,793.9,5912.22,
1972-12-01,42.5,5.33,6.36,2366.0,5.2,802.3,5912.22,
1973-01-01,42.7,5.94,6.46,2481.0,4.9,810.3,6058.544,
1973-02-01,43.0,6.58,6.64,2289.0,5.0,814.1,6058.544,
1973-03-01,43.4,7.09,6.71,2365.0,4.9,815.3,6058.544,
1973-04-01,43.7,7.12,6.67,2084.0,5.0,819.7,6124.506,
1973-05-01,43.9,7.84,6.85,2266.0,4.9,826.8,6124.506,
1973-06-01,44.2,8.49,6.9,2067.0,4.9,833.3,6124.506,
1973-07-01,44.2,10.4,7.13,2123.0,4.8,836.5,6092.301,
1973-08-01,45.0,10.5,7.4,2051.0,4.8,838.8,6092.301,
1973-09-01,45.2,10.78,7.09,1874.0,4.8,839.3,6092.301,
1973-10-01,45.6,10.01,6.79,1677.0,4.6,842.6,6150.131,
1973-11-01,45.9,10.03,6.73,1724.0,4.8,848.9,6150.131,
1973-12-01,46.3,9.95,6.74,1526.0,4.9,855.5,6150.131,
1974-01-01,46.8,9.65,6.99,1451.0,5.1,859.7,6097.258,
1974-02-01,47.3,8.97,6.96,1752.0,5.2,864.2,6097.258,
1974-03-01,47.8,9.35,7.21,1555.0,5.1,870.1,6097.258,
1974-04-01,48.1,10.51,7.51,1607.0,5.1,872.9,6111.751,
1974-05-01,48.6,11.31,7.58,1426.0,5.1,874.6,6111.751,
1974-06-01,49.0,11.93,7.54,1513.0,5.4,877.8,6111.751,
1974-07-01,49.3,12.92,7.81,1316.0,5.5,881.4,6053.978,
1974-08-01,49.9,12.01,8.04,1142.0,5.5,884.1,6053.978,
1974-09-01,50.6,11.34,8.04,1150.0,5.9,887.9,6053.978,
1974-10-01,51.0,10.06,7.9,1070.0,6.0,893.3,6030.464,
1974-11-01,51.5,9.45,7.68,1026.0,6.6,898.6,6030.464,
1974-12-01,51.9,8.53,7.43,975.0,7.2,902.1,6030.464,
1975-01-01,52.3,7.13,7.5,1032.0,8.1,906.3,5957.035,
1975-02-01,52.6,6.24,7.39,904.0,8.1,914.1,5957.035,
1975-03-01,52.8,5.54,7.73,993.0,8.6,925.0,5957.035,
1975-04-01,53.0,5.49,8.23,1005.0,8.8,935.1,5999.61,
1975-05-01,53.1,5.22,8.06,1121.0,9.0,947.9,5999.61,
1975-06-01,53.5,5.55,7.86,1087.0,8.8,963.0,5999.61,
1975-07-01,54.0,6.1,8.06,1226.0,8.6,975.1,6102.326,
1975-08-01,54.2,6.14,8.4,1260.0,8.4,983.1,6102.326,
1975-09-01,54.6,6.24,8.43,1264.0,8.4,991.5,6102.326,
1975-10-01,54.9,5.82,8.14,1344.0,8.4,997.8,6184.53,
1975-11-01,55.3,5.22,8.05,1360.0,8.3,1006.9,6184.53,
1975-12-01,55.6,5.2,8.0,1321.0,8.2,1016.2,6184.53,
1976-01-01,55.8,4.87,7.74,1367.0,7.9,1026.6,6323.649,
1976-02-01,55.9,4.77,7.79,1538.0,7.7,1040.3,6323.649,
1976-03-01,56.0,4.84,7.73,1421.0,7.6,1050.0,6323.649,
1976-04-01,56.1,4.82,7.56,1395.0,7.7,1060.8,6370.025,
1976-05-01,56.4,5.29,7.9,1459.0,7.4,1072.1,6370.025,
1976-06-01,56.7,5.48,7.86,1495.0,7.6,1077.6,6370.025,
1976-07-01,57.0,5.31,7.83,1401.0,7.8,1086.3,6404.895,
1976-08-01,57.3,5.29,7.77,1550.0,7.8,1098.7,6404.895,
1976-09-01,57.6,5.25,7.59,1720.0,7.6,1110.8,6404.895,
1976-10-01,57.9,5.02,7.41,1629.0,7.7,1125.0,6451.177,
1976-11-01,58.1,4.95,7.29,1641.0,7.8,1138.2,6451.177,
1976-12-01,58.4,4.65,6.87,1804.0,7.8,1152.0,6451.177,
1977-01-01,58.7,4.61,7.21,1527.0,7.5,1165.2,6527.703,
1977-02-01,59.3,4.68,7.39,1943.0,7.6,1177.6,6527.703,
1977-03-01,59.6,4.69,7.46,2063.0,7.4,1188.5,6527.703,
1977-04-01,60.0,4.73,7.37,1892.0,7.2,1199.6,6654.466,
1977-05-01,60.2,5.35,7.46,1971.0,7.0,1209.0,6654.466,
1977-06-01,60.5,5.39,7.28,1893.0,7.2,1217.8,6654.466,
1977-07-01,60.8,5.42,7.33,2058.0,6.9,1226.7,6774.457,
1977-08-01,61.1,5.9,7.4,2020.0,7.0,1237.0,6774.457,
1977-09-01,61.3,6.14,7.34,1949.0,6.8,1246.2,6774.457,
1977-10-01,61.6,6.47,7.52,2042.0,6.8,1254.0,6774.592,
1977-11-01,62.0,6.51,7.58,2042.0,6.8,1262.4,6774.592,
1977-12-01,62.3,6.56,7.69,2142.0,6.4,1270.3,6774.592,
1978-01-01,62.7,6.7,7.96,1718.0,6.4,1279.7,6796.26,
1978-02-01,63.0,6.78,8.03,1738.0,6.3,1285.5,6796.26,
1978-03-01,63.4,6.79,8.04,2032.0,6.3,1292.2,6796.26,
1978-04-01,63.9,6.89,8.15,2197.0,6.1,1300.4,7058.92,
1978-05-01,64.5,7.36,8.35,2075.0,6.0,1310.5,7058.92,
1978-06-01,65.0,7.6,8.46,2070.0,5.9,1318.5,7058.92,
1978-07-01,65.5,7.81,8.64,2092.0,6.2,1324.1,7129.915,
1978-08-01,65.9,8.04,8.41,1996.0,5.9,1333.5,7129.915,
1978-09-01,66.5,8.45,8.42,1970.0,6.0,1345.0,7129.915,
1978-10-01,67.1,8.96,8.64,1981.0,5.8,1352.3,7225.75,
1978-11-01,67.5,9.76,8.81,2094.0,5.9,1359.1,7225.75,
1978-12-01,67.9,10.03,9.01,2044.0,6.0,1366.0,7225.75,
1979-01-01,68.5,10.07,9.1,1630.0,5.9,1371.6,7238.727,
1979-02-01,69.2,10.06,9.1,1520.0,5.9,1377.8,7238.727,
1979-03-01,69.9,10.09,9.12,1847.0,5.8,1387.8,7238.727,
1979-04-01,70.6,10.01,9.18,1748.0,5.8,1402.1,7246.454,
1979-05-01,71.4,10.24,9.25,1876.0,5.6,1410.2,7246.454,
1979-06-01,72.2,10.29,8.91,1913.0,5.7,1423.0,7246.454,
1979-07-01,73.0,10.47,8.95,1760.0,5.7,1434.8,7300.281,
1979-08-01,73.7,10.94,9.03,1778.0,6.0,1446.6,7300.281,
1979-09-01,74.4,11.43,9.33,1832.0,5.9,1454.1,7300.281,
1979-10-01,75.2,13.77,10.3,1681.0,6.0,1460.4,7318.535,
1979-11-01,76.0,13.18,10.65,1524.0,5.9,1465.9,7318.535,
1979-12-01,76.9,13.78,10.39,1498.0,6.0,1473.7,7318.535,
1980-01-01,78.0,13.82,10.8,1341.0,6.3,1482.7,7341.557,
1980-02-01,79.0,14.13,12.41,1350.0,6.3,1494.6,7341.557,
1980-03-01,80.1,17.19,12.75,1047.0,6.3,1499.8,7341.557,
1980-04-01,80.9,17.61,11.47,1051.0,6.9,1502.2,7190.289,
1980-05-01,81.7,10.98,10.18,927.0,7.5,1512.3,7190.289,
1980-06-01,82.5,9.47,9.78,1196.0,7.6,1529.2,7190.289,
1980-07-01,82.6,9.03,10.25,1269.0,7.8,1545.5,7181.743,
1980-08-01,83.2,9.61,11.1,1436.0,7.7,1561.5,7181.743,
1980-09-01,83.9,10.87,11.51,1471.0,7.5,1574.0,7181.743,
1980-10-01,84.7,12.81,11.75,1523.0,7.5,1584.8,7315.677,
1980-11-01,85.6,15.85,12.68,1510.0,7.5,1595.8,7315.677,
1980-12-01,86.4,18.9,12.84,1482.0,7.2,1599.8,7315.677,
1981-01-01,87.2,19.08,12.57,1547.0,7.5,1606.9,7459.022,
1981-02-01,88.0,15.93,13.19,1246.0,7.4,1618.7,7459.022,
1981-03-01,88.6,14.7,13.12,1306.0,7.4,1636.6,7459.022,
1981-04-01,89.1,15.72,13.68,1360.0,7.2,1659.2,7403.745,
1981-05-01,89.7,18.52,14.1,1140.0,7.5,1664.2,7403.745,
1981-06-01,90.5,19.1,13.47,1045.0,7.5,1670.3,7403.745,
1981-07-01,91.5,19.04,14.28,1041.0,7.2,1681.9,7492.405,
1981-08-01,92.2,17.82,14.94,940.0,7.4,1694.3,7492.405,
1981-09-01,93.1,15.87,15.32,911.0,7.6,1706.0,7492.405,
1981-10-01,93.4,15.08,15.15,873.0,7.9,1721.8,7410.768,
1981-11-01,93.8,13.31,13.39,837.0,8.3,1736.1,7410.768,
1981-12-01,94.1,12.37,13.72,910.0,8.5,1755.5,7410.768,
1982-01-01,94.4,13.22,14.59,843.0,8.6,1770.4,7295.631,
1982-02-01,94.7,14.78,14.43,866.0,8.9,1774.5,7295.631,
1982-03-01,94.7,14.68,13.86,931.0,9.0,1786.5,7295.631,
1982-04-01,95.0,14.94,13.87,917.0,9.3,1803.9,7328.912,
1982-05-01,95.9,14.45,13.62,1025.0,9.4,1815.4,7328.912,
1982-06-01,97.0,14.15,14.3,902.0,9.6,1826.0,7328.912,
1982-07-01,97.5,12.59,13.95,1166.0,9.8,1831.5,7300.896,
1982-08-01,97.7,10.12,13.06,1046.0,9.8,1845.2,7300.896,
1982-09-01,97.7,10.31,12.34,1144.0,10.1,1858.4,7300.896,
1982-10-01,98.1,9.71,10.91,1173.0,10.4,1869.7,7303.817,
1982-11-01,98.0,9.2,10.55,1372.0,10.8,1883.7,7303.817,
1982-12-01,97.7,8.95,10.54,1303.0,10.8,1905.9,7303.817,
1983-01-01,97.9,8.68,10.46,1586.0,10.4,1959.4,7400.066,
1983-02-01,98.0,8.51,10.72,1699.0,10.4,1996.8,7400.066,
1983-03-01,98.1,8.77,10.51,1606.0,10.3,2015.2,7400.066,
1983-04-01,98.8,8.8,10.4,1472.0,10.2,2028.6,7568.456,
1983-05-01,99.2,8.63,10.38,1776.0,10.1,2043.1,7568.456,
1983-06-01,99.4,8.98,10.85,1733.0,10.1,2053.5,7568.456,
1983-07-01,99.8,9.37,11.38,1785.0,9.4,2064.8,7719.746,
1983-08-01,100.1,9.56,11.85,1910.0,9.5,2074.0,7719.746,
1983-09-01,100.4,9.45,11.65,1710.0,9.2,2083.2,7719.746,
1983-10-01,100.8,9.48,11.54,1715.0,8.8,2099.2,7880.794,
1983-11-01,101.1,9.34,11.69,1785.0,8.5,2112.3,7880.794,
1983-12-01,101.4,9.47,11.83,1688.0,8.3,2123.5,7880.794,
1984-01-01,102.1,9.56,11.67,1897.0,8.0,2138.2,8034.847,
1984-02-01,102.6,9.59,11.84,2260.0,7.8,2158.2,8034.847,
1984-03-01,102.9,9.91,12.32,1663.0,7.8,2175.2,8034.847,
1984-04-01,103.3,10.29,12.63,1851.0,7.7,2191.7,8173.67,
1984-05-01,103.5,10.32,13.41,1774.0,7.4,2204.1,8173.67,
1984-06-01,103.7,11.06,13.56,1843.0,7.2,2215.1,8173.67,
1984-07-01,104.1,11.23,13.36,1732.0,7.5,2223.5,8252.465,
1984-08-01,104.4,11.64,12.72,1586.0,7.5,2230.4,8252.465,
1984-09-01,104.7,11.3,12.52,1698.0,7.3,2244.4,8252.465,
1984-10-01,105.1,9.99,12.16,1590.0,7.4,2258.9,8320.199,
1984-11-01,105.3,9.43,11.57,1689.0,7.2,2281.4,8320.199,
1984-12-01,105.5,8.38,11.5,1612.0,7.3,2306.4,8320.199,
1985-01-01,105.7,8.35,11.38,1711.0,7.3,2332.4,8400.82,
1985-02-01,106.3,8.5,11.51,1632.0,7.2,2354.1,8400.82,
1985-03-01,106.8,8.58,11.86,1800.0,7.2,2366.2,8400.82,
1985-04-01,107.0,8.27,11.43,1821.0,7.3,2375.4,8474.787,
1985-05-01,107.2,7.97,10.85,1680.0,7.2,2389.5,8474.787,
1985-06-01,107.5,7.53,10.16,1676.0,7.4,2412.6,8474.787,
1985-07-01,107.7,7.88,10.31,1684.0,7.4,2429.5,8604.22,
1985-08-01,107.9,7.9,10.33,1743.0,7.1,2444.0,8604.22,
1985-09-01,108.1,7.92,10.37,1676.0,7.1,2456.4,8604.22,
1985-10-01,108.5,7.99,10.24,1834.0,7.1,2468.0,8668.188,
1985-11-01,109.0,8.05,9.78,1698.0,7.0,2477.8,8668.188,
1985-12-01,109.5,8.27,9.26,1942.0,7.0,2492.1,8668.188,
1986-01-01,109.9,8.14,9.19,1972.0,6.7,2502.1,8749.127,
1986-02-01,109.7,7.86,8.7,1848.0,7.2,2512.9,8749.127,
1986-03-01,109.1,7.48,7.78,1876.0,7.2,2533.1,8749.127,
1986-04-01,108.7,6.99,7.3,1933.0,7.1,2557.8,8788.524,
1986-05-01,109.0,6.85,7.71,1854.0,7.2,2584.8,8788.524,
1986-06-01,109.4,6.92,7.8,1847.0,7.2,2605.0,8788.524,
1986-07-01,109.5,6.56,7.3,1782.0,7.0,2626.6,8872.601,
1986-08-01,109.6,6.17,7.17,1807.0,6.9,2646.5,8872.601,
1986-09-01,110.0,5.89,7.45,1687.0,7.0,2667.8,8872.601,
1986-10-01,110.2,5.85,7.43,1681.0,7.0,2687.4,8920.193,
1986-11-01,110.4,6.04,7.25,1623.0,6.9,2701.3,8920.193,
1986-12-01,110.8,6.91,7.11,1833.0,6.6,2728.0,8920.193,
1987-01-01,111.4,6.43,7.08,1774.0,6.6,2743.9,8986.367,
1987-02-01,111.8,6.1,7.25,1784.0,6.6,2747.5,8986.367,
1987-03-01,112.2,6.13,7.25,1726.0,6.6,2753.7,8986.367,
1987-04-01,112.7,6.37,8.02,1614.0,6.3,2767.7,9083.256,
1987-05-01,113.0,6.85,8.61,1628.0,6.3,2772.9,9083.256,
1987-06-01,113.5,6.73,8.4,1594.0,6.2,2774.6,9083.256,
1987-07-01,113.8,6.58,8.45,1575.0,6.1,2779.0,9162.024,
1987-08-01,114.3,6.73,8.76,1605.0,6.0,2788.2,9162.024,
1987-09-01,114.7,7.22,9.42,1695.0,5.9,2799.5,9162.024,
1987-10-01,115.0,7.29,9.52,1515.0,6.0,2814.8,9319.332,
1987-11-01,115.4,6.69,8.86,1656.0,5.8,2818.9,9319.332,
1987-12-01,115.6,6.77,8.99,1400.0,5.7,2826.4,9319.332,
1988-01-01,116.0,6.83,8.67,1271.0,5.7,2847.4,9367.502,
1988-02-01,116.2,6.58,8.21,1473.0,5.7,2870.4,9367.502,
1988-03-01,116.5,6.58,8.37,1532.0,5.7,2890.7,9367.502,
1988-04-01,117.2,6.87,8.72,1573.0,5.4,2910.7,9490.594,
1988-05-01,117.5,7.09,9.09,1421.0,5.6,2926.0,9490.594,
1988-06-01,118.0,7.51,8.92,1478.0,5.4,2938.4,9490.594,
1988-07-01,118.5,7.75,9.06,1467.0,5.4,2947.2,9546.206,
1988-08-01,119.0,8.01,9.26,1493.0,5.6,2952.0,9546.206,
1988-09-01,119.5,8.19,8.98,1492.0,5.4,2956.9,9546.206,
1988-10-01,119.9,8.3,8.8,1522.0,5.4,2965.3,9673.405,
1988-11-01,120.3,8.35,8.96,1569.0,5.3,2980.2,9673.405,
1988-12-01,120.7,8.76,9.11,1563.0,5.3,2988.2,9673.405,
1989-01-01,121.2,9.12,9.09,1621.0,5.4,2991.7,9771.725,
1989-02-01,121.6,9.36,9.17,1425.0,5.2,2992.2,9771.725,
1989-03-01,122.2,9.85,9.36,1422.0,5.0,2999.7,9771.725,
1989-04-01,123.1,9.84,9.18,1339.0,5.2,3006.0,9846.293,
1989-05-01,123.7,9.81,8.86,1331.0,5.2,3011.6,9846.293,
1989-06-01,124.1,9.53,8.28,1397.0,5.3,3027.9,9846.293,
1989-07-01,124.5,9.24,8.02,1427.0,5.2,3052.4,9919.228,
1989-08-01,124.5,8.99,8.11,1332.0,5.2,3074.4,9919.228,
1989-09-01,124.8,9.02,8.19,1279.0,5.3,3092.5,9919.228,
1989-10-01,125.4,8.84,8.01,1410.0,5.3,3114.1,9938.767,
1989-11-01,125.9,8.55,7.87,1351.0,5.4,3133.3,9938.767,
1989-12-01,126.3,8.45,7.84,1251.0,5.4,3152.5,9938.767,
1990-01-01,127.5,8.23,8.21,1551.0,5.4,3166.8,10047.386,
1990-02-01,128.0,8.24,8.47,1437.0,5.3,3179.2,10047.386,
1990-03-01,128.6,8.28,8.59,1289.0,5.2,3190.1,10047.386,
1990-04-01,128.9,8.26,8.79,1248.0,5.4,3201.6,10083.855,
1990-05-01,129.1,8.18,8.76,1212.0,5.4,3200.6,10083.855,
1990-06-01,129.9,8.29,8.48,1177.0,5.2,3213.7,10083.855,
1990-07-01,130.5,8.15,8.47,1171.0,5.5,3224.5,10090.569,
1990-08-01,131.6,8.13,8.75,1115.0,5.7,3242.0,10090.569,
1990-09-01,132.5,8.2,8.89,1110.0,5.9,3254.6,10090.569,
1990-10-01,133.4,8.11,8.72,1014.0,5.9,3259.3,9998.704,
1990-11-01,133.7,7.81,8.39,1145.0,6.2,3262.6,9998.704,
1990-12-01,134.2,7.31,8.08,969.0,6.3,3271.8,9998.704,
1991-01-01,134.7,6.91,8.09,798.0,6.4,3287.7,9951.916,
1991-02-01,134.8,6.25,7.85,965.0,6.6,3304.5,9951.916,
1991-03-01,134.8,6.12,8.11,921.0,6.8,3321.9,9951.916,
1991-04-01,135.1,5.91,8.04,1001.0,6.7,3332.4,10029.51,
1991-05-01,135.6,5.78,8.07,996.0,6.9,3343.0,10029.51,
1991-06-01,136.0,5.9,8.28,1036.0,6.9,3351.9,10029.51,
1991-07-01,136.2,5.82,8.27,1063.0,6.8,3356.1,10080.195,
1991-08-01,136.6,5.66,7.9,1049.0,6.9,3355.0,10080.195,
1991-09-01,137.0,5.45,7.65,1015.0,6.9,3354.9,10080.195,
1991-10-01,137.2,5.21,7.53,1079.0,7.0,3360.1,10115.329,
1991-11-01,137.8,4.81,7.42,1103.0,7.0,3365.5,10115.329,
1991-12-01,138.2,4.43,7.09,1079.0,7.3,3372.2,10115.329,
1992-01-01,138.3,4.03,7.03,1176.0,7.3,3381.2,10236.435,
1992-02-01,138.6,4.06,7.34,1250.0,7.4,3400.0,10236.435,
1992-03-01,139.1,3.98,7.54,1297.0,7.4,3403.9,10236.435,
1992-04-01,139.4,3.73,7.48,1099.0,7.4,3399.7,10347.429,
1992-05-01,139.7,3.82,7.39,1214.0,7.6,3398.6,10347.429,
1992-06-01,140.1,3.76,7.26,1145.0,7.8,3393.4,10347.429,
1992-07-01,140.5,3.25,6.84,1139.0,7.7,3393.9,10449.673,
1992-08-01,140.8,3.3,6.59,1226.0,7.6,3398.8,10449.673,
1992-09-01,141.1,3.22,6.42,1186.0,7.6,3410.3,10449.673,
1992-10-01,141.7,3.1,6.59,1244.0,7.3,3423.8,10558.648,
1992-11-01,142.1,3.09,6.87,1214.0,7.4,3426.5,10558.648,
1992-12-01,142.3,2.92,6.77,1227.0,7.4,3424.7,10558.648,
1993-01-01,142.8,3.02,6.6,1210.0,7.3,3419.1,10576.275,
1993-02-01,143.1,3.03,6.26,1210.0,7.1,3414.5,10576.275,
1993-03-01,143.3,3.07,5.98,1083.0,7.0,3411.7,10576.275,
1993-04-01,143.8,2.96,5.97,1258.0,7.1,3411.3,10637.847,
1993-05-01,144.2,3.0,6.04,1260.0,7.1,3436.9,10637.847,
1993-06-01,144.3,3.04,5.96,1280.0,7.0,3442.4,10637.847,
1993-07-01,144.5,3.06,5.81,1254.0,6.9,3442.0,10688.606,
1993-08-01,144.8,3.03,5.68,1300.0,6.8,3445.7,10688.606,
1993-09-01,145.0,3.09,5.36,1343.0,6.7,3452.2,10688.606,
1993-10-01,145.6,2.99,5.33,1392.0,6.8,3456.7,10833.987,
1993-11-01,146.0,3.02,5.72,1376.0,6.6,3470.1,10833.987,
1993-12-01,146.3,2.96,5.77,1533.0,6.5,3474.5,10833.987,
1994-01-01,146.3,3.05,5.75,1272.0,6.6,3474.9,10939.116,
1994-02-01,146.7,3.25,5.97,1337.0,6.6,3475.7,10939.116,
1994-03-01,147.1,3.34,6.48,1564.0,6.5,3480.1,10939.116,
1994-04-01,147.2,3.56,6.97,1465.0,6.4,3481.3,11087.361,
1994-05-01,147.5,4.01,7.18,1526.0,6.1,3490.8,11087.361,
1994-06-01,147.9,4.25,7.1,1409.0,6.1,3479.5,11087.361,
1994-07-01,148.4,4.26,7.3,1439.0,6.1,3488.2,11152.176,
1994-08-01,149.0,4.47,7.24,1450.0,6.0,3485.7,11152.176,
1994-09-01,149.3,4.73,7.46,1474.0,5.9,3486.1,11152.176,
1994-10-01,149.4,4.76,7.74,1450.0,5.8,3484.3,11279.932,
1994-11-01,149.8,5.29,7.96,1511.0,5.6,3487.2,11279.932,
1994-12-01,150.1,5.45,7.81,1455.0,5.5,3486.4,11279.932,
1995-01-01,150.5,5.53,7.78,1407.0,5.6,3492.4,11319.951,
1995-02-01,150.9,5.92,7.47,1316.0,5.4,3489.9,11319.951,
1995-03-01,151.2,5.98,7.2,1249.0,5.4,3491.1,11319.951,
1995-04-01,151.8,6.05,7.06,1267.0,5.8,3499.2,11353.721,
1995-05-01,152.1,6.01,6.63,1314.0,5.6,3524.2,11353.721,
1995-06-01,152.4,6.0,6.17,1281.0,5.6,3548.9,11353.721,
1995-07-01,152.6,5.85,6.28,1461.0,5.7,3567.4,11450.31,
1995-08-01,152.9,5.74,6.49,1416.0,5.7,3589.0,11450.31,
1995-09-01,153.1,5.8,6.2,1369.0,5.6,3602.1,11450.31,
1995-10-01,153.5,5.76,6.04,1369.0,5.5,3613.4,11528.067,
1995-11-01,153.7,5.8,5.93,1452.0,5.6,3619.9,11528.067,
1995-12-01,153.9,5.6,5.71,1431.0,5.6,3629.5,11528.067,
1996-01-01,154.7,5.56,5.65,1467.0,5.6,3647.9,11614.418,
1996-02-01,155.0,5.22,5.81,1491.0,5.5,3661.8,11614.418,
1996-03-01,155.5,5.31,6.27,1424.0,5.5,3686.9,11614.418,
1996-04-01,156.1,5.22,6.51,1516.0,5.6,3697.7,11808.14,
1996-05-01,156.4,5.24,6.74,1504.0,5.6,3709.6,11808.14,
1996-06-01,156.7,5.27,6.91,1467.0,5.3,3722.5,11808.14,
1996-07-01,157.0,5.4,6.87,1472.0,5.5,3737.1,11914.063,
1996-08-01,157.2,5.22,6.64,1557.0,5.1,3744.0,11914.063,
1996-09-01,157.7,5.3,6.83,1475.0,5.2,3753.4,11914.063,
1996-10-01,158.2,5.24,6.53,1392.0,5.2,3772.8,12037.775,
1996-11-01,158.7,5.31,6.2,1489.0,5.4,3795.1,12037.775,
1996-12-01,159.1,5.29,6.3,1370.0,5.4,3818.6,12037.775,
1997-01-01,159.4,5.25,6.58,1355.0,5.3,3834.6,12115.472,
1997-02-01,159.7,5.19,6.42,1486.0,5.2,3846.3,12115.472,
1997-03-01,159.8,5.39,6.69,1457.0,5.2,3861.2,12115.472,
1997-04-01,159.9,5.51,6.89,1492.0,5.1,3877.0,12317.221,
1997-05-01,159.9,5.5,6.71,1442.0,4.9,3889.2,12317.221,
1997-06-01,160.2,5.56,6.49,1494.0,5.0,3906.0,12317.221,
1997-07-01,160.4,5.52,6.22,1437.0,4.9,3923.9,12471.01,
1997-08-01,160.8,5.54,6.3,1390.0,4.8,3957.4,12471.01,
1997-09-01,161.2,5.54,6.21,1546.0,4.9,3973.1,12471.01,
1997-10-01,161.5,5.5,6.03,1520.0,4.7,3992.3,12577.495,
1997-11-01,161.7,5.52,5.88,1510.0,4.6,4014.8,12577.495,
1997-12-01,161.8,5.5,5.81,1566.0,4.7,4032.9,12577.495,
1998-01-01,162.0,5.56,5.54,1525.0,4.6,4056.2,12703.742,
1998-02-01,162.0,5.51,5.57,1584.0,4.6,4088.9,12703.742,
1998-03-01,162.0,5.49,5.65,1567.0,4.7,4114.3,12703.742,
1998-04-01,162.2,5.45,5.64,1540.0,4.3,4140.2,12821.339,
1998-05-01,162.6,5.49,5.65,1536.0,4.4,4164.4,12821.339,
1998-06-01,162.8,5.56,5.5,1641.0,4.5,4184.1,12821.339,
1998-07-01,163.2,5.54,5.46,1698.0,4.5,4203.8,12982.752,
1998-08-01,163.4,5.55,5.34,1614.0,4.5,4228.7,12982.752,
1998-09-01,163.5,5.51,4.81,1582.0,4.6,4267.7,12982.752,
1998-10-01,163.9,5.07,4.53,1715.0,4.5,4307.9,13191.67,
1998-11-01,164.1,4.83,4.83,1660.0,4.4,4346.6,13191.67,
1998-12-01,164.4,4.68,4.65,1792.0,4.4,4375.6,13191.67,
1999-01-01,164.7,4.63,4.72,1748.0,4.3,4403.0,13315.597,
1999-02-01,164.7,4.76,5.0,1670.0,4.4,4425.8,13315.597,
1999-03-01,164.8,4.81,5.23,1710.0,4.2,4432.6,13315.597,
1999-04-01,165.9,4.74,5.18,1553.0,4.3,4461.4,13426.748,
1999-05-01,166.0,4.74,5.54,1611.0,4.2,4486.1,13426.748,
1999-06-01,166.0,4.76,5.9,1559.0,4.3,4508.0,13426.748,
1999-07-01,166.7,4.99,5.79,1669.0,4.3,4535.4,13604.771,
1999-08-01,167.1,5.07,5.94,1648.0,4.2,4552.7,13604.771,
1999-09-01,167.8,5.22,5.92,1635.0,4.2,4568.8,13604.771,
1999-10-01,168.1,5.2,6.11,1608.0,4.1,4592.7,13827.98,
1999-11-01,168.4,5.42,6.03,1648.0,4.1,4611.8,13827.98,
1999-12-01,168.8,5.3,6.28,1708.0,4.0,4639.3,13827.98,
2000-01-01,169.3,5.45,6.66,1636.0,4.0,4667.6,13878.147,
2000-02-01,170.0,5.73,6.52,1737.0,4.1,4680.9,13878.147,
2000-03-01,171.0,5.85,6.26,1604.0,4.0,4711.7,13878.147,
2000-04-01,170.9,6.02,5.99,1626.0,3.8,4767.8,14130.908,
2000-05-01,171.2,6.27,6.44,1575.0,4.0,4755.7,14130.908,
2000-06-01,172.2,6.53,6.1,1559.0,4.0,4773.6,14130.908,
2000-07-01,172.7,6.54,6.05,1463.0,4.0,4791.3,14145.312,
2000-08-01,172.7,6.5,5.83,1541.0,4.1,4819.5,14145.312,
2000-09-01,173.6,6.52,5.8,1507.0,3.9,4855.2,14145.312,
2000-10-01,173.9,6.51,5.74,1549.0,3.9,4871.3,14229.765,
2000-11-01,174.2,6.51,5.72,1551.0,3.9,4882.7,14229.765,
2000-12-01,174.6,6.4,5.24,1532.0,3.9,4927.6,14229.765,
2001-01-01,175.6,5.98,5.16,1600.0,4.2,4978.3,14183.12,
2001-02-01,176.0,5.49,5.1,1625.0,4.2,5017.0,14183.12,
2001-03-01,176.1,5.31,4.89,1590.0,4.3,5074.8,14183.12,
2001-04-01,176.4,4.8,5.14,1649.0,4.4,5139.1,14271.694,
2001-05-01,177.3,4.21,5.39,1605.0,4.3,5137.2,14271.694,
2001-06-01,177.7,3.97,5.28,1636.0,4.5,5180.1,14271.694,
2001-07-01,177.4,3.77,5.24,1670.0,4.6,5210.0,14214.516,
2001-08-01,177.4,3.65,4.97,1567.0,4.9,5243.8,14214.516,
2001-09-01,178.1,3.07,4.73,1562.0,5.0,5355.1,14214.516,
2001-10-01,177.6,2.49,4.57,1540.0,5.3,5343.8,14253.574,
2001-11-01,177.5,2.09,4.65,1602.0,5.5,5387.5,14253.574,
2001-12-01,177.4,1.82,5.09,1568.0,5.7,5440.5,14253.574,
2002-01-01,177.7,1.73,5.04,1698.0,5.7,5460.9,14372.785,
2002-02-01,178.0,1.74,4.91,1829.0,5.7,5490.2,14372.785,
2002-03-01,178.5,1.73,5.28,1642.0,5.7,5502.0,14372.785,
2002-04-01,179.3,1.75,5.21,1592.0,5.9,5502.1,14460.848,
2002-05-01,179.5,1.75,5.16,1764.0,5.8,5528.3,14460.848,
2002-06-01,179.6,1.75,4.93,1717.0,5.8,5553.3,14460.848,
2002-07-01,180.0,1.73,4.65,1655.0,5.8,5596.0,14519.633,
2002-08-01,180.5,1.74,4.26,1633.0,5.7,5638.3,14519.633,
2002-09-01,180.8,1.75,3.87,1804.0,5.7,5662.3,14519.633,
2002-10-01,181.2,1.75,3.94,1648.0,5.7,5707.1,14537.58,
2002-11-01,181.5,1.34,4.05,1753.0,5.9,5758.1,14537.58,
2002-12-01,181.8,1.24,4.03,1788.0,6.0,5779.4,14537.58,
2003-01-01,182.6,1.24,4.05,1853.0,5.8,5812.1,14614.141,
2003-02-01,183.6,1.26,3.9,1629.0,5.9,5848.2,14614.141,
2003-03-01,183.9,1.25,3.81,1726.0,5.9,5868.4,14614.141,
2003-04-01,183.2,1.26,3.96,1643.0,6.0,5905.5,14743.567,
2003-05-01,182.9,1.26,3.57,1751.0,6.1,5965.3,14743.567,
2003-06-01,183.1,1.22,3.33,1867.0,6.3,6002.2,14743.567,
2003-07-01,183.7,1.01,3.98,1897.0,6.2,6049.1,14988.782,
2003-08-01,184.5,1.03,4.45,1833.0,6.1,6107.1,14988.782,
2003-09-01,185.1,1.01,4.27,1939.0,6.1,6079.7,14988.782,
2003-10-01,184.9,1.01,4.29,1967.0,6.0,6070.0,15162.76,
2003-11-01,185.0,1.0,4.3,2083.0,5.8,6075.5,15162.76,
2003-12-01,185.5,0.98,4.27,2057.0,5.7,6073.8,15162.76,
2004-01-01,186.3,1.0,4.15,1911.0,5.7,6082.1,15248.68,
2004-02-01,186.7,1.01,4.08,1846.0,5.6,6121.8,15248.68,
2004-03-01,187.1,1.0,3.83,1998.0,5.8,6157.9,15248.68,
2004-04-01,187.4,1.0,4.35,2003.0,5.6,6198.9,15366.85,
2004-05-01,188.2,1.0,4.72,1981.0,5.6,6275.7,15366.85,
2004-06-01,188.9,1.03,4.73,1828.0,5.6,6277.9,15366.85,
2004-07-01,189.1,1.26,4.5,2002.0,5.5,6291.1,15512.619,
2004-08-01,189.2,1.43,4.28,2024.0,5.4,6317.8,15512.619,
2004-09-01,189.8,1.61,4.13,1905.0,5.4,6352.2,15512.619,
2004-10-01,190.8,1.76,4.1,2072.0,5.5,6379.8,15670.88,
2004-11-01,191.7,1.93,4.19,1782.0,5.4,6406.3,15670.88,
2004-12-01,191.7,2.16,4.23,2042.0,5.4,6424.5,15670.88,
2005-01-01,191.6,2.28,4.22,2144.0,5.3,6430.8,15844.727,
2005-02-01,192.4,2.5,4.17,2207.0,5.4,6438.9,15844.727,
2005-03-01,193.1,2.63,4.5,1864.0,5.2,6448.3,15844.727,
2005-04-01,193.7,2.79,4.34,2061.0,5.2,6461.8,15922.782,
2005-05-01,193.6,3.0,4.14,2025.0,5.1,6479.0,15922.782,
2005-06-01,193.7,3.04,4.0,2068.0,5.0,6511.7,15922.782,
2005-07-01,194.9,3.26,4.18,2054.0,5.0,6543.5,16047.587,
2005-08-01,196.1,3.5,4.26,2095.0,4.9,6576.3,16047.587,
2005-09-01,198.8,3.62,4.2,2151.0,5.0,6610.1,16047.587,
2005-10-01,199.1,3.78,4.46,2065.0,5.0,6643.9,16136.734,
2005-11-01,198.1,4.0,4.54,2147.0,5.0,6660.7,16136.734,
2005-12-01,198.1,4.16,4.47,1994.0,4.9,6687.8,16136.734,
2006-01-01,199.3,4.29,4.42,2273.0,4.7,6730.1,16353.835,
2006-02-01,199.4,4.49,4.57,2119.0,4.8,6754.7,16353.835,
2006-03-01,199.7,4.59,4.72,1969.0,4.7,6769.3,16353.835,
2006-04-01,200.7,4.79,4.99,1821.0,4.7,6806.9,16396.151,
2006-05-01,201.3,4.94,5.11,1942.0,4.6,6813.7,16396.151,
2006-06-01,201.8,4.99,5.11,1802.0,4.6,6851.8,16396.151,
2006-07-01,202.9,5.24,5.09,1737.0,4.7,6893.6,16420.738,
2006-08-01,203.8,5.25,4.88,1650.0,4.7,6925.1,16420.738,
2006-09-01,202.8,5.25,4.72,1720.0,4.5,6952.4,16420.738,
2006-10-01,201.9,5.25,4.73,1491.0,4.4,7001.7,16561.866,
2006-11-01,202.0,5.25,4.6,1570.0,4.5,7037.2,16561.866,
2006-12-01,203.1,5.24,4.56,1649.0,4.4,7080.1,16561.866,
2007-01-01,203.437,5.25,4.76,1409.0,4.6,7118.3,16611.69,
2007-02-01,204.226,5.26,4.72,1480.0,4.5,7134.3,16611.69,
2007-03-01,205.288,5.26,4.56,1495.0,4.4,7168.2,16611.69,
2007-04-01,205.904,5.25,4.69,1490.0,4.5,7240.7,16713.314,
2007-05-01,206.755,5.25,4.75,1415.0,4.4,7254.6,16713.314,
2007-06-01,207.234,5.25,5.1,1448.0,4.6,7287.8,16713.314,
2007-07-01,207.603,5.26,5.0,1354.0,4.7,7318.7,16809.587,
2007-08-01,207.667,5.02,4.67,1330.0,4.6,7394.8,16809.587,
2007-09-01,208.547,4.94,4.52,1183.0,4.7,7413.0,16809.587,
2007-10-01,209.19,4.76,4.53,1264.0,4.7,7428.1,16915.191,
2007-11-01,210.834,4.49,4.15,1197.0,4.7,7453.6,16915.191,
2007-12-01,211.445,4.24,4.1,1037.0,5.0,7483.9,16915.191,
2008-01-01,212.174,3.94,3.74,1084.0,5.0,7517.5,16843.003,
2008-02-01,212.687,2.98,3.74,1103.0,4.9,7604.0,16843.003,
2008-03-01,213.448,2.61,3.51,1005.0,5.1,7670.0,16843.003,
2008-04-01,213.942,2.28,3.68,1013.0,5.0,7712.5,16943.291,
2008-05-01,215.208,1.98,3.88,973.0,5.4,7725.2,16943.291,
2008-06-01,217.463,2.0,4.1,1046.0,5.6,7743.9,16943.291,
2008-07-01,219.016,2.01,4.01,923.0,5.8,7791.2,16854.295,
2008-08-01,218.69,2.0,3.89,844.0,6.1,7805.8,16854.295,
2008-09-01,218.877,1.81,3.69,820.0,6.1,7872.4,16854.295,
2008-10-01,216.995,0.97,3.81,777.0,6.5,7974.9,16485.35,
2008-11-01,213.153,0.39,3.53,652.0,6.8,8027.0,16485.35,
2008-12-01,211.398,0.16,2.42,560.0,7.3,8204.7,16485.35,
2009-01-01,211.933,0.15,2.52,490.0,7.8,8289.0,16298.262,
2009-02-01,212.705,0.22,2.87,582.0,8.3,8319.3,16298.262,
2009-03-01,212.495,0.18,2.82,505.0,8.7,8386.4,16298.262,
2009-04-01,212.709,0.15,2.93,478.0,9.0,8391.1,16269.145,
2009-05-01,213.022,0.18,3.29,540.0,9.4,8449.2,16269.145,
2009-06-01,214.79,0.21,3.72,585.0,9.5,8459.3,16269.145,
2009-07-01,214.726,0.16,3.56,594.0,9.5,8463.5,16326.281,
2009-08-01,215.445,0.16,3.59,586.0,9.6,8463.0,16326.281,
2009-09-01,215.861,0.15,3.4,585.0,9.8,8461.6,16326.281,
2009-10-01,216.509,0.12,3.39,534.0,10.0,8487.9,16502.754,
2009-11-01,217.234,0.12,3.4,588.0,9.9,8517.0,16502.754,
2009-12-01,217.347,0.12,3.59,581.0,9.9,8512.2,16502.754,
2010-01-01,217.488,0.11,3.73,614.0,9.8,8477.7,16582.71,
2010-02-01,217.281,0.13,3.69,604.0,9.8,8527.3,16582.71,
2010-03-01,217.353,0.16,3.73,636.0,9.9,8523.5,16582.71,
2010-04-01,217.403,0.2,3.85,687.0,9.9,8554.8,16743.162,
2010-05-01,217.29,0.2,3.42,583.0,9.6,8609.0,16743.162,
2010-06-01,217.199,0.18,3.2,536.0,9.4,8628.1,16743.162,
2010-07-01,217.605,0.18,3.01,546.0,9.4,8639.5,16872.266,
2010-08-01,217.923,0.19,2.7,599.0,9.5,8687.9,16872.266,
2010-09-01,218.275,0.19,2.65,594.0,9.5,8718.7,16872.266,
2010-10-01,219.035,0.19,2.54,543.0,9.4,8768.4,16960.864,
2010-11-01,219.59,0.19,2.76,545.0,9.8,8789.0,16960.864,
2010-12-01,220.472,0.18,3.29,539.0,9.3,8822.7,16960.864,
2011-01-01,221.187,0.17,3.39,630.0,9.1,8845.0,16920.632,
2011-02-01,221.898,0.16,3.58,517.0,9.0,8908.8,16920.632,
2011-03-01,223.046,0.14,3.41,600.0,9.0,8966.8,16920.632,
2011-04-01,224.093,0.1,3.46,554.0,9.1,9030.2,17035.114,
2011-05-01,224.806,0.09,3.17,561.0,9.0,9102.5,17035.114,
2011-06-01,224.806,0.09,3.0,608.0,9.1,9176.5,17035.114,
2011-07-01,225.395,0.07,3.0,623.0,9.0,9338.4,17031.313,
2011-08-01,226.106,0.1,2.3,585.0,9.0,9524.9,17031.313,
2011-09-01,226.597,0.08,1.98,650.0,9.0,9545.1,17031.313,
2011-10-01,226.75,0.07,2.15,610.0,8.8,9577.9,17222.583,
2011-11-01,227.169,0.08,2.01,711.0,8.6,9629.5,17222.583,
2011-12-01,227.223,0.07,1.98,694.0,8.5,9677.1,17222.583,
2012-01-01,227.842,0.08,1.97,723.0,8.3,9750.3,17367.01,
2012-02-01,228.329,0.1,1.97,704.0,8.3,9802.0,17367.01,
2012-03-01,228.807,0.13,2.17,695.0,8.2,9846.0,17367.01,
2012-04-01,229.187,0.14,2.05,753.0,8.2,9899.5,17444.525,
2012-05-01,228.713,0.16,1.8,708.0,8.2,9942.8,17444.525,
2012-06-01,228.524,0.16,1.62,757.0,8.2,10012.8,17444.525,
2012-07-01,228.59,0.16,1.53,740.0,8.2,10065.5,17469.65,
2012-08-01,229.918,0.13,1.68,754.0,8.1,10136.1,17469.65,
2012-09-01,231.015,0.14,1.72,847.0,7.8,10216.3,17469.65,
2012-10-01,231.638,0.16,1.75,915.0,7.8,10282.6,17489.852,
2012-11-01,231.249,0.16,1.65,833.0,7.7,10351.6,17489.852,
2012-12-01,231.221,0.16,1.72,976.0,7.9,10474.1,17489.852,
2013-01-01,231.679,0.14,1.91,888.0,8.0,10497.4,17662.4,
2013-02-01,232.937,0.15,1.98,962.0,7.7,10516.4,17662.4,
2013-03-01,232.282,0.14,1.96,1010.0,7.5,10572.6,17662.4,
2013-04-01,231.797,0.15,1.76,835.0,7.6,10600.0,17709.671,
2013-05-01,231.893,0.11,1.93,930.0,7.5,10634.2,17709.671,
2013-06-01,232.445,0.09,2.3,839.0,7.5,10691.3,17709.671,
2013-07-01,232.9,0.09,2.58,880.0,7.3,10730.5,17860.45,
2013-08-01,233.456,0.08,2.74,917.0,7.2,10788.5,17860.45,
2013-09-01,233.544,0.08,2.81,850.0,7.2,10848.9,17860.45,
2013-10-01,233.669,0.09,2.62,925.0,7.2,10973.2,18016.147,
2013-11-01,234.1,0.08,2.72,1100.0,6.9,10981.9,18016.147,
2013-12-01,234.719,0.09,2.9,1002.0,6.7,11046.9,18016.147,
2014-01-01,235.288,0.07,2.86,888.0,6.6,11116.6,17953.974,
2014-02-01,235.547,0.07,2.71,944.0,6.7,11182.3,17953.974,
2014-03-01,236.028,0.08,2.72,970.0,6.7,11218.2,17953.974,
2014-04-01,236.468,0.09,2.71,1043.0,6.2,11263.1,18185.911,
2014-05-01,236.918,0.09,2.56,1007.0,6.3,11327.6,18185.911,
2014-06-01,237.231,0.1,2.6,911.0,6.1,11382.8,18185.911,
2014-07-01,237.498,0.09,2.54,1085.0,6.2,11437.5,18406.941,
2014-08-01,237.46,0.09,2.42,984.0,6.1,11461.6,18406.941,
2014-09-01,237.477,0.09,2.53,1023.0,5.9,11502.8,18406.941,
2014-10-01,237.43,0.09,2.3,1074.0,5.7,11576.6,18500.031,
2014-11-01,236.983,0.09,2.33,1001.0,5.8,11617.3,18500.031,
2014-12-01,236.252,0.12,2.21,1073.0,5.6,11701.0,18500.031,
2015-01-01,234.747,0.11,1.88,1085.0,5.7,11787.8,18666.621,
2015-02-01,235.342,0.11,1.98,886.0,5.5,11904.7,18666.621,
2015-03-01,235.976,0.11,2.04,960.0,5.4,11902.8,18666.621,
2015-04-01,236.222,0.12,1.94,1190.0,5.4,11936.7,18782.243,
2015-05-01,237.001,0.12,2.2,1079.0,5.6,11964.2,18782.243,
2015-06-01,237.657,0.13,2.36,1205.0,5.3,12004.6,18782.243,
2015-07-01,238.034,0.13,2.32,1146.0,5.2,12048.3,18857.418,
2015-08-01,238.033,0.14,2.17,1130.0,5.1,12093.1,18857.418,
2015-09-01,237.498,0.14,2.17,1224.0,5.0,12154.3,18857.418,
2015-10-01,237.733,0.12,2.07,1058.0,5.0,12205.6,18892.206,
2015-11-01,238.017,0.12,2.26,1172.0,5.1,12296.9,18892.206,
2015-12-01,237.761,0.24,2.24,1146.0,5.0,12368.2,18892.206,2043.94
2016-01-01,237.652,0.34,2.09,1092.0,4.8,12505.5,19001.69,1940.24
2016-02-01,237.336,0.38,1.78,1225.0,4.9,12577.7,19001.69,1932.23
2016-03-01,238.08,0.36,1.89,1111.0,5.0,12628.6,19001.69,2059.74
2016-04-01,238.992,0.37,1.81,1163.0,5.1,12707.6,19062.709,2065.3
2016-05-01,239.557,0.37,1.81,1148.0,4.8,12774.6,19062.709,2096.96
2016-06-01,240.222,0.38,1.64,1203.0,4.9,12835.1,19062.709,2098.86
2016-07-01,240.101,0.39,1.5,1239.0,4.8,12889.3,19197.938,2173.6
2016-08-01,240.545,0.4,1.56,1171.0,4.9,12973.6,19197.938,2170.95
2016-09-01,241.176,0.4,1.63,1068.0,5.0,13033.8,19197.938,2168.27
2016-10-01,241.741,0.4,1.76,1313.0,4.9,13107.1,19304.352,2126.15
2016-11-01,242.026,0.41,2.14,1140.0,4.7,13180.6,19304.352,2198.81
2016-12-01,242.637,0.54,2.49,1252.0,4.7,13225.8,19304.352,2238.83
2017-01-01,243.618,0.65,2.43,1190.0,4.7,13300.3,19398.343,2278.87
2017-02-01,244.006,0.66,2.42,1271.0,4.6,13367.0,19398.343,2363.64
2017-03-01,243.892,0.79,2.48,1190.0,4.4,13428.4,19398.343,2362.72
2017-04-01,244.193,0.9,2.3,1146.0,4.4,13484.4,19506.949,2384.2
2017-05-01,244.004,0.91,2.3,1157.0,4.4,13536.4,19506.949,2411.8
2017-06-01,244.163,1.04,2.19,1249.0,4.3,13558.1,19506.949,2423.41
2017-07-01,244.243,1.15,2.32,1206.0,4.3,13615.1,19660.766,2470.3
2017-08-01,245.183,1.16,2.21,1159.0,4.4,13674.3,19660.766,2471.65
2017-09-01,246.435,1.15,2.2,1181.0,4.3,13722.7,19660.766,2519.36
2017-10-01,246.626,1.15,2.36,1257.0,4.2,13782.0,19882.352,2575.26
2017-11-01,247.284,1.16,2.35,1273.0,4.2,13814.6,19882.352,2647.58
2017-12-01,247.805,1.3,2.4,1177.0,4.1,13873.5,19882.352,2673.61
2018-01-01,248.859,1.41,2.58,1299.0,4.0,13882.9,20044.077,2823.81
2018-02-01,249.529,1.42,2.86,1277.0,4.1,13919.0,20044.077,2713.83
2018-03-01,249.577,1.51,2.84,1318.0,4.0,13975.8,20044.077,2640.87
2018-04-01,250.227,1.69,2.87,1276.0,4.0,13993.7,20150.476,2648.05
2018-05-01,250.792,1.7,2.98,1357.0,3.8,14049.4,20150.476,2705.27
2018-06-01,251.018,1.82,2.91,1192.0,4.0,14109.7,20150.476,2718.37
2018-07-01,251.214,1.91,2.89,1208.0,3.8,14143.9,20276.154,2816.29
2018-08-01,251.663,1.91,2.89,1288.0,3.8,14193.6,20276.154,2901.52
2018-09-01,252.182,1.95,3.0,1250.0,3.7,14229.1,20276.154,2913.98
2018-10-01,252.772,2.19,3.15,1221.0,3.8,14241.1,20304.874,2711.74
2018-11-01,252.594,2.2,3.12,1181.0,3.8,14260.5,20304.874,2760.17
2018-12-01,252.767,2.27,2.83,1095.0,3.9,14382.3,20304.874,2506.85
2019-01-01,252.561,2.4,2.71,1226.0,4.0,14445.7,20431.641,2704.1
2019-02-01,253.319,2.4,2.68,1121.0,3.8,14480.8,20431.641,2784.49
2019-03-01,254.277,2.41,2.57,1191.0,3.8,14525.9,20431.641,2834.4
2019-04-01,255.233,2.42,2.53,1272.0,3.7,14554.2,20602.275,2945.83
2019-05-01,255.296,2.39,2.4,1293.0,3.6,14652.0,20602.275,2752.06
2019-06-01,255.213,2.38,2.07,1243.0,3.6,14771.0,20602.275,2941.76
2019-07-01,255.802,2.4,2.06,1240.0,3.7,14853.1,20843.322,2980.38
2019-08-01,256.036,2.13,1.63,1375.0,3.6,14934.3,20843.322,2926.46
2019-09-01,256.43,2.04,1.7,1311.0,3.5,15031.0,20843.322,2976.74
2019-10-01,257.155,1.83,1.71,1325.0,3.6,15166.9,20985.448,3037.56
2019-11-01,257.879,1.55,1.81,1353.0,3.6,15276.4,20985.448,3140.98
2019-12-01,258.63,1.55,1.86,1548.0,3.6,15347.6,20985.448,3230.78
2020-01-01,259.127,1.55,1.76,1581.0,3.6,15416.3,20709.212,3225.52
2020-02-01,259.25,1.58,1.5,1549.0,3.5,15466.6,20709.212,2954.22
2020-03-01,258.076,0.65,0.87,1266.0,4.4,15993.4,20709.212,2584.59
2020-04-01,256.032,0.05,0.66,936.0,14.8,17005.4,19077.992,2912.43
2020-05-01,255.802,0.05,0.67,1039.0,13.2,17852.9,19077.992,3044.31
2020-06-01,257.042,0.08,0.73,1266.0,11.0,18140.6,19077.992,3100.29
2020-07-01,258.352,0.09,0.62,1526.0,10.2,18297.7,20558.879,3271.12
2020-08-01,259.316,0.1,0.65,1396.0,8.4,18364.1,20558.879,3500.31
2020-09-01,259.997,0.09,0.68,1473.0,7.8,18596.4,20558.879,3363.0
2020-10-01,260.319,0.09,0.79,1543.0,6.9,18751.1,20791.917,3269.96
2020-11-01,260.911,0.09,0.87,1543.0,6.7,18978.9,20791.917,3621.63
2020-12-01,262.045,0.09,0.93,1614.0,6.7,19133.0,20791.917,3756.07
2021-01-01,262.639,0.09,1.08,1630.0,6.4,19359.5,21082.134,3714.24
2021-02-01,263.573,0.08,1.26,1404.0,6.2,19596.5,21082.134,3811.15
2021-03-01,264.847,0.07,1.61,1696.0,6.1,19823.2,21082.134,3972.89
2021-04-01,266.625,0.07,1.64,1495.0,6.1,20161.5,21440.929,4181.17
2021-05-01,268.404,0.06,1.62,1589.0,5.8,20430.5,21440.929,4204.11
2021-06-01,270.71,0.08,1.52,1650.0,5.9,20472.9,21440.929,4297.5
2021-07-01,271.965,0.1,1.32,1597.0,5.4,20628.1,21617.828,4395.26
2021-08-01,272.752,0.09,1.28,1594.0,5.1,20811.0,21617.828,4522.68
2021-09-01,273.942,0.08,1.37,1577.0,4.7,20979.1,21617.828,4307.54
2021-10-01,276.528,0.08,1.58,1579.0,4.5,21142.1,21988.737,4605.38
2021-11-01,278.824,0.08,1.56,1705.0,4.2,21316.7,21988.737,4567.0
2021-12-01,280.806,0.08,1.47,1722.0,3.9,21471.0,21988.737,4766.18
2022-01-01,282.542,0.08,1.76,1702.0,4.0,21587.3,21932.71,4515.55
2022-02-01,284.525,0.08,1.93,1735.0,3.8,21684.8,21932.71,4373.94
2022-03-01,287.467,0.2,2.13,1712.0,3.7,21721.3,21932.71,4530.41
2022-04-01,288.582,0.33,2.75,1820.0,3.7,21750.0,21967.045,4131.93
2022-05-01,291.299,0.77,2.9,1531.0,3.6,21690.7,21967.045,4132.15
2022-06-01,295.072,1.21,3.14,1551.0,3.6,21642.9,21967.045,3785.38
2022-07-01,294.94,1.68,2.9,1381.0,3.5,21641.6,22125.625,4130.29
2022-08-01,295.162,2.33,2.9,1531.0,3.6,21606.7,22125.625,3955.0
2022-09-01,296.421,2.56,3.52,1488.0,3.5,21521.0,22125.625,3585.62
2022-10-01,297.979,3.08,3.98,1435.0,3.6,21424.4,22278.345,3871.98
2022-11-01,298.708,3.78,3.89,1424.0,3.6,21358.1,22278.345,4080.11
2022-12-01,298.808,4.1,3.62,1308.0,3.5,21219.0,22278.345,3839.5
2023-01-01,300.456,4.33,3.53,1361.0,3.5,21205.3,22439.607,4076.6
2023-02-01,301.476,4.57,3.75,1399.0,3.6,21184.5,22439.607,3970.15
2023-03-01,301.643,4.65,3.66,1377.0,3.5,20876.0,22439.607,4109.31
2023-04-01,302.858,4.83,3.46,1354.0,3.4,20729.8,22580.499,4169.48
2023-05-01,303.316,5.06,3.57,1584.0,3.6,20801.1,22580.499,4179.83
2023-06-01,304.099,5.08,3.75,1421.0,3.6,20782.7,22580.499,4450.38
2023-07-01,304.615,5.12,3.9,1460.0,3.5,20772.0,22840.989,4588.96
2023-08-01,306.138,5.33,4.17,1317.0,3.7,20746.9,22840.989,4507.66
2023-09-01,307.374,5.33,4.38,1371.0,3.8,20720.4,22840.989,4288.05
2023-10-01,307.653,5.33,4.8,1368.0,3.9,20687.3,23033.78,4193.8
2023-11-01,308.087,5.33,4.5,1514.0,3.7,20696.7,23033.78,4567.8
2023-12-01,308.735,5.33,4.02,1521.0,3.8,20701.3,23033.78,4769.83
2024-01-01,309.794,5.33,4.06,1381.0,3.7,20773.1,23082.119,4845.65
2024-02-01,311.022,5.33,4.21,1552.0,3.9,20861.1,23082.119,5096.27
2024-03-01,312.107,5.33,4.21,1312.0,3.9,20900.9,23082.119,5254.35
2024-04-01,313.016,5.33,4.54,1385.0,3.9,20928.9,23286.508,5035.69
2024-05-01,313.14,5.33,4.48,1316.0,4.0,20989.4,23286.508,5277.51
2024-06-01,313.131,5.33,4.31,1327.0,4.1,21053.0,23286.508,5460.48
2024-07-01,313.566,5.33,4.25,1265.0,4.2,21084.2,23478.57,5522.3
2024-08-01,314.131,5.33,3.87,1391.0,4.2,21171.0,23478.57,5648.4
2024-09-01,314.851,5.13,3.72,1357.0,4.1,21257.5,23478.57,5762.48
2024-10-01,315.564,4.83,4.1,1352.0,4.1,21308.1,23586.542,5705.45
2024-11-01,316.449,4.64,4.36,1295.0,4.2,21407.9,23586.542,6032.38
2024-12-01,317.603,4.48,4.39,1514.0,4.1,21424.5,23586.542,5881.63
2025-01-01,319.086,4.33,4.63,1358.0,4.0,21492.4,23548.21,6040.53
2025-02-01,319.775,4.33,4.45,1490.0,4.1,21564.6,23548.21,5954.5
2025-03-01,319.615,4.33,4.28,1355.0,4.2,21636.7,23548.21,5611.85
2025-04-01,320.321,4.33,4.28,1398.0,4.2,21770.5,23770.976,5569.06
2025-05-01,320.58,4.33,4.42,1282.0,4.2,21827.4,,5911.69
2025-06-01,321.5,4.33,4.38,1382.0,4.1,21942.4,,6204.95
2025-07-01,322.132,4.33,4.39,1429.0,4.2,22028.8,,6339.39
2025-08-01,323.364,4.33,4.26,1307.0,4.3,22108.4,,6460.26
2025-09-01,324.368,4.22,4.12,,4.4,22212.5,,6688.46
2025-10-01,,4.09,4.06,,,22298.1,,6840.2
2025-11-01,,3.88,4.09,,,,,6849.09
2025-12-01,,,,,,,,6846.51
